ristorante,nome_ricetta,ingredienti
Anima Cosmica,Nebulosa Celestiale alla Stellaris,"Shard di Materia Oscura, Carne di Balena spaziale, Carne di Mucca, Teste di Idra, Riso di Cassandra, Biscotti della Galassia, Pane di Luce, Funghi dell’Etere, Spezie Melange"
Anima Cosmica,Sinfonia Cosmica ma Fatta Male,"Granuli di Nebbia Arcobaleno, Funghi dell’Etere, Radici di Singolarità, Lattuga Namecciana, Polvere di Pulsar"
Anima Cosmica,Astro-Risotto alle Onde Temporali,"Polvere di Pulsar, Foglie di Nebulosa, Radici di Singolarità, Baccacedro, Sale Temporale"
Anima Cosmica,Sinfonia Galattica alla Griglia Cangiante,"Shard di Materia Oscura, Teste di Idra, Amido di Stellarion, Fusilli del Vento, Spore Quantiche, Erba Pipa"
Anima Cosmica,Galassie Infiammate: Sinfonia Cosmica in Sei Dimensioni,"Frammenti di Supernova, Uova di Fenice, Carne di Mucca, Riso di Cassandra, Spaghi del Sole, Biscotti della Galassia, Lacrime di Unicorno, Nduja Fritta Tanto"
Anima Cosmica,Galassie Sospese: Un Viaggio di Sapori Cosmogalattici,"Cristalli di Memoria, Radici di Gravità, Pane degli Abissi, Biscotti della Galassia, Lacrime di Unicorno, Nduja Fritta Tanto"
Anima Cosmica,Pioggia di Andromeda,"Cristalli di Memoria, Radici di Gravità, Pane degli Abissi, Biscotti della Galassia, Lacrime di Unicorno, Nduja Fritta Tanto"
Anima Cosmica,Sinfonia Cosmica ma Fatta Bene,"Shard di Materia Oscura, Colonia di Mycoflora, Carne di Balena spaziale, Amido di Stellarion, Nettare di Sirena, Petali di Eco"
Anima Cosmica,Odissea Cosmica di Nettuno,"Pane di Luce, Farina di Nettuno, Amido di Stellarion, Nettare di Sirena, Essenza di Vuoto"
Anima Cosmica,Galassia Commovente di Stellari,"Polvere di Stelle, Alghe Bioluminescenti, Baccacedro, Carne di Balena spaziale, Teste di Idra, Fibra di Sintetex, Funghi Orbitali, Essenza di Tachioni"
Armonia Universale,Sinfonia Cosmica: Versione Pizza,"Polvere di Pulsar, Radici di Gravità, Radici di Singolarità, Spaghi del Sole, Riso di Cassandra, Farina di Nettuno, Funghi Orbitali, Spezie Melange, Cioccorane"
Armonia Universale,Galassia di Sapore Interstellare,"Frammenti di Supernova, Colonia di Mycoflora, Foglie di Nebulosa, Carne di Mucca, Fibra di Sintetex, Carne di Kraken, Spaghi del Sole, Nettare di Sirena, Spezie Melange, Burrobirra"
Armonia Universale,Sinfonia Cosmica di Sapore,"Shard di Materia Oscura, Carne di Xenodonte, Fibra di Sintetex, Farina di Nettuno, Granuli di Nebbia Arcobaleno, Nduja Fritta, Tanto Ravioli al Vaporeon"
Armonia Universale,Sinfonia Cosmica di Luminiscenze e Contrasti,"Uova di Fenice, Carne di Drago, Carne di Kraken, Amido di Stellarion, Riso di Cassandra, Spezie Melange, Slurm"
Armonia Universale,Sinfonia Cosmica in Otto Movimenti,"Frammenti di Supernova, Foglie di Nebulosa, Alghe Bioluminescenti, Fibra di Sintetex, Carne di Mucca, Gnocchi del Crepuscolo, Lacrime di Andromeda, Spezie Melange"
Armonia Universale,Portale Cosmico: Sinfonia di Gnocchi del Crepuscolo con Essenza di Tachioni e Sfumature di Fenice,"Shard di Materia Oscura, Uova di Fenice, Gnocchi del Crepuscolo, Plasma Vitale, Essenza di Tachioni"
Armonia Universale,Sinfonia Cosmica: Versione Data,"Polvere di Stelle, Radici di Gravità, Colonia di Mycoflora, Fusilli del Vento, Pane degli Abissi, Essenza di Tachioni"
Armonia Universale,Sinfonia Cosmologica,"Shard di Materia Oscura, Radici di Gravità, Foglie di Nebulosa, Biscotti della Galassia, Essenza di Vuoto"
Armonia Universale,Sinfonia Cosmica di Armonie Terrestri e Celesti,"Cristalli di Memoria, Uova di Fenice, Carne di Kraken, Fibra di Sintetex, Granuli di Nebbia Arcobaleno, Lacrime di Andromeda, Spezie Melange"
Armonia Universale,Cosmo Sferico di Sogni Rigenerativi,"Radici di Gravità, Baccacedro, Lattuga Namecciana, Teste di Idra, Carne di Xenodonte, Farina di Nettuno, Nettare di Sirena"
Cosmica Essenza,Galassie in Epifania: Risotto Celestiale con Preziosi dell'Universo,"Polvere di Pulsar, Carne di Xenodonte, Carne di Balena spaziale, Teste di Idra, Spaghi del Sole, Riso di Cassandra, Farina di Nettuno, Lacrime di Andromeda, Petali di Eco"
Cosmica Essenza,Galassia Suprema,"Shard di Prisma Stellare, Foglie di Nebulosa, Carne di Drago, Carne di Mucca, Fibra di Sintetex, Lacrime di Unicorno, Essenza di Tachioni"
Cosmica Essenza,Fusione Celeste,"Radici di Singolarità, Foglie di Nebulosa, Colonia di Mycoflora, Carne di Mucca, Carne di Kraken, Riso di Cassandra, Fusilli del Vento, Biscotti della Galassia, Spore Quantiche, Essenza di Speziaria"
Cosmica Essenza,Sinfonia Cosmica di Andromeda,"Foglie di Mandragora, Radici di Singolarità, Riso di Cassandra, Lacrime di Andromeda, Petali di Eco"
Cosmica Essenza,Risveglio Cosmico: Una Sinfonia di Sapori Universali,"Shard di Prisma Stellare, Lattuga Namecciana, Carne di Mucca, Fibra di Sintetex, Amido di Stellarion, Riso di Cassandra, Muffa Lunare, Erba Pipa"
Cosmica Essenza,Galassia Incantata: Un Viaggio Attraverso l'Infinito,"Shard di Materia Oscura, Carne di Xenodonte, Teste di Idra, Fibra di Sintetex, Riso di Cassandra, Pane di Luce, Pane degli Abissi, Nduja Fritta, Tanto"
Cosmica Essenza,Sinfonia Celestiale di Echi Galattici,"Baccacedro, Fibra di Sintetex, Carne di Balena spaziale, Carne di Kraken, Lacrime di Unicorno"
Cosmica Essenza,Porta Celestiale alle Stelle,"Vero Ghiaccio, Liane di Plasmodio, Carne di Kraken, Teste di Idra, Funghi dell’Etere, Erba Pipa"
Cosmica Essenza,Sinfonia Celeste dell'Equilibrio Temporale,"Polvere di Crononite, Carne di Balena spaziale, Carne di Mucca, Uova di Fenice, Funghi dell’Etere, Spezie Melange"
Cosmica Essenza,Il Risveglio delle Stelle,"Polvere di Stelle, Baccacedro, Carne di Balena spaziale, Biscotti della Galassia, Pane degli Abissi, Muffa Lunare"
Datapizza,Pizza Fra,"Risotto di Amido di Stellarion, Fibra di Sintetex, Vero Ghiaccio, Radici di Gravità, Baccacedro, Lacrime di Unicorno, Farina di Nettuno, Salsa Szechuan, Brodo di Vero Ghiaccio"
Datapizza,Pizza Gio,"Pane di Luce, Risotto con Cristalli di Memoria, Sferificazione Filamentare a Molecole Vibrazionali delle Lacrime di Andromeda, Radici di Gravità, Liane di Plasmodio, Idro-Cristallizzazione Sonora Quantistica, Marinatura Reazioni d'Antimateria Diluite"
Datapizza,Pizza Emma,"Liane di Plasmodio, Polvere di Stelle, Grigliatura Elettro-Molecolare a Spaziatura Variabile, Colonia di Mycoflora, Foglie di Mandragora, Idro-Cristallizzazione Sonora Quantistica, Essenza di Speziaria"
Datapizza,Pizza Luca,"Alghe Bioluminescenti, Gnocchi del Crepuscolo, Pane degli Abissi, Salsa Szechuan, Funghi Orbitali, Farina di Nettuno"
Datapizza,Pizza Raul,"Teste di Idra, Risotto di Riso di Cassandra, Radici di Gravità, Baccacedro, Farina di Nettuno, Spore Quantiche, Essenza di Vuoto, Affumicatura a Stratificazione Quantica"
Datapizza,Pizza Cri,"Fusilli del Vento, Granuli di Nebbia Arcobaleno, Funghi dell'Etere, Essenza di Speziaria, Cristalli di Memoria, Farina di Nettuno, Baccacedro, Radici di Gravità, Uova di Fenice"
Datapizza,Pizza Baby Daniele,"Spaghi del Sole, Carne di Balena Spaziale, Foglie di Nebulosa, Radici di Singolarità, Uova di Fenice, Biscotti della Galassia, Frammenti di Supernova, Fibra di Sintetex, Foglie di Nebulosa"
Datapizza,Pizza Baby Lorenzo,"Riso di Cassandra, Carne di Balena, Carne di Drago, Radici di Gravità, Sale Temporale, Uova di Fenice, Baccacedro, Pane di Luce, Frammenti di Supernova, Lacrime di Andromeda"
Datapizza,Pizza Baby Simone e Alessandro,"Fusilli del Vento, Spaghi del Sole, Nduja Fritta Tanto cristalizzata, Radici di Singolarità, Carne di Xenodonte, Pane di Luce, Lattuga Namecciana, Baccacedro, Polvere di Crononite, Bollitura Termografica a Rotazione Veloce, Foglie di Nebulosa, Uova di Fenice, Decostruzione Interdimensionale Lovecraftiana"
Eco di Pandora,Serenata del Multiverso,"Frammenti di Supernova, Liane di Plasmodio, Carne di Balena spaziale, Fibra di Sintetex, Nettare di Sirena, Essenza di Speziaria"
Eco di Pandora,Euforia Cosmica,"Vero Ghiaccio, Radici di Singolarità, Alghe Bioluminescenti, Carne di Drago, Uova di Fenice, Funghi dell’Etere, Essenza di Vuoto"
Eco di Pandora,Galassie Riflesse: Sinfonia del Multiverso,"Polvere di Pulsar, Radici di Singolarità, Liane di Plasmodio, Carne di Drago, Teste di Idra, Carne di Mucca, Pane di Luce, Gnocchi del Crepuscolo, Riso di Cassandra, Funghi dell’Etere, Sale Temporale"
Eco di Pandora,Sinfonia Cosmica di Terracotta,"Polvere di Crononite, Radici di Gravità, Foglie di Mandragora, Plasma Vitale, Sale Temporale"
Eco di Pandora,Viaggio Cosmico nel Multiverso,"Shard di Prisma Stellare, Foglie di Nebulosa, Foglie di Mandragora, Carne di Mucca, Essenza di Speziaria"
Eco di Pandora,Danza Luminosa del Multiverso,"Uova di Fenice, Biscotti della Galassia, Farina di Nettuno, Nettare di Sirena, Essenza di Vuoto"
Eco di Pandora,Microcosmo in un Boccone,"Cristalli di Memoria, Baccacedro, Carne di Mucca, Carne di Xenodonte, Carne di Drago, Biscotti della Galassia, Pane di Luce, Granuli di Nebbia Arcobaleno, Funghi Orbitali, Essenza di Speziaria"
Eco di Pandora,Nebulose della Fenice su Vento Lunare,"Polvere di Stelle, Baccacedro, Foglie di Nebulosa, Uova di Fenice, Fusilli del Vento, Muffa Lunare, Sale Temporale"
Eco di Pandora,Nebulose Pensanti: Sinfonia del Multiverso,"Vero Ghiaccio, Foglie di Nebulosa, Radici di Gravità, Carne di Kraken, Gnocchi del Crepuscolo, Fusilli del Vento, Farina di Nettuno, Funghi Orbitali, Sale Temporale"
Eredita Galattica,Sinfonia Tempolare Galattica,"Polvere di Crononite, Radici di Gravità, Liane di Plasmodio, Foglie di Nebulosa, Carne di Kraken, Carne di Mucca, Spaghi del Sole, Pane di Luce, Amido di Stellarion, Funghi Orbitali, Erba Pipa"
Eredita Galattica,Cosmopolis delle Galassie Perdute,"Polvere di Stelle, Colonia di Mycoflora, Carne di Balena spaziale, Carne di Drago, Teste di Idra, Farina di Nettuno, Lacrime di Unicorno, Spezie Melange"
Eredita Galattica,Galassia Risvegliata,"Frammenti di Supernova, Colonia di Mycoflora, Uova di Fenice, Fibra di Sintetex, Riso di Cassandra, Nettare di Sirena"
Eredita Galattica,Sinfonia Temporale nello Spaghi del Sole,"Polvere di Crononite, Alghe Bioluminescenti, Carne di Xenodonte, Teste di Idra, Spaghi del Sole, Spezie Melange"
Eredita Galattica,Sinfonia di Crepuscolo Celestiale,"Cristalli di Nebulite, Gnocchi del Crepuscolo, Amido di Stellarion, Farina di Nettuno, Lacrime di Unicorno, Salsa Szechuan"
Eredita Galattica,Sinfonia di Stagioni Stellari,"Cristalli di Memoria, Alghe Bioluminescenti, Foglie di Nebulosa, Carne di Drago, Carne di Xenodonte, Fibra di Sintetex, Amido di Stellarion, Funghi Orbitali, Sale Temporale"
Eredita Galattica,Viaggio dei Sensi: Bolla Temporale di Aromi Ancestrali,"Cristalli di Memoria, Carne di Xenodonte, Carne di Kraken, Teste di Idra, Essenza di Tachioni"
Eredita Galattica,Sfogliare Galattico di Sogni Temporali,"Shard di Prisma Stellare, Alghe Bioluminescenti, Lattuga Namecciana, Carne di Xenodonte, Fusilli del Vento, Essenza di Vuoto"
Eredita Galattica,Nebulosa di Fenice con Sinfonia Eterea,"Cristalli di Nebulite, Fibra di Sintetex, Uova di Fenice, Funghi dell’Etere, Petali di Eco"
Eredita Galattica,Sinfonia Temporale al Tocco di Crono,"Vero Ghiaccio, Lattuga Namecciana, Baccacedro, Carne di Mucca, Uova di Fenice, Pane degli Abissi, Riso di Cassandra, Spaghi del Sole, Spore Quantiche, Essenza di Tachioni"
Essenza dell Infinito,Rinascita Cosmica,"Frammenti di Supernova, Alghe Bioluminescenti, Radici di Singolarità, Teste di Idra, Uova di Fenice, Amido di Stellarion, Nettare di Sirena, Frutti del Diavolo"
Essenza dell Infinito,Il Rapsodo Celestiale,"Shard di Materia Oscura, Colonia di Mycoflora, Uova di Fenice, Pane di Luce, Gnocchi del Crepuscolo, Biscotti della Galassia, Funghi Orbitali, Essenza di Vuoto, Sashimi di Magicarp"
Essenza dell Infinito,Bistecca Cacofonica dell'Infinito,"Frammenti di Supernova, Alghe Bioluminescenti, Carne di Kraken, Pane degli Abissi, Farina di Nettuno, Spaghi del Sole, Sale Temporale, Pickle Rick Croccante"
Essenza dell Infinito,Galassia di Sapori: Il Viaggio Senza Tempo,"Shard di Materia Oscura, Foglie di Mandragora, Foglie di Nebulosa, Fibra di Sintetex, Spaghi del Sole, Pane di Luce, Fusilli del Vento, Muffa Lunare, Chocobo Wings"
Essenza dell Infinito,Pizza Cosmica all'Essenza di Drago con Nebbia Arcobaleno e Funghi Orbitali,"Cristalli di Nebulite, Teste di Idra, Carne di Drago, Carne di Balena spaziale, Granuli di Nebbia Arcobaleno, Biscotti della Galassia, Amido di Stellarion, Funghi Orbitali, Essenza di Tachioni, Latte+"
Essenza dell Infinito,Mycoflora con Polvere di Stelle Sbagliato,"Polvere di Stelle, Colonia di Mycoflora, Teste di Idra, Lacrime di Andromeda, Essenza di Speziaria"
Essenza dell Infinito,Nebulosa di Sapori dell'Infinito,"Lattuga Namecciana, Foglie di Nebulosa, Carne di Xenodonte, Plasma Vitale, Nduja Fritta, Tanto"
Essenza dell Infinito,Sinfonia dell'Infinito: Un Viaggio Gnodale tra Terra e Universi,"Radici di Gravità, Uova di Fenice, Carne di Mucca, Carne di Kraken, Lacrime di Andromeda, Essenza di Speziaria"
Essenza dell Infinito,Tris di Verdure con Xenodonte,"Cristalli di Memoria, Radici di Gravità, Foglie di Mandragora, Foglie di Nebulosa, Carne di Xenodonte, Fibra di Sintetex, Pane degli Abissi, Essenza di Tachioni"
Essenza dell Infinito,Falso Risotto dell'Infinito Multiverso,"Cristalli di Memoria, Uova di Fenice, Carne di Balena spaziale, Granuli di Nebbia Arcobaleno, Farina di Nettuno, Funghi Orbitali, Spezie Melange"
Il Firmamento,Galassia di Fusilli Sferici alla Risonanza Crononica,"Fusilli del Vento, Nettare di Sirena, Carne di Kraken, Balena Spaziale, Salsa Szechuan, Farina di Nettuno, Polvere di Crononite, Fibra di Sintetex"
Il Firmamento,Galassia Rinascente,"Lattuga Namecciana, Muffa Lunare, Carne di Drago, Uovo di Fenice, Biscotti della Galassia, Carne delle Teste di Idra"
Il Firmamento,Mandragora e Radici,"Polvere di Stelle, Radici di Gravità, Foglie di Mandragora, Lacrime di Unicorno, Nduja Fritta Tanto"
Il Firmamento,Galaxia Rinasciata,"Uova di Fenice, Lacrime di Unicorno, Spezie Melange, Baccacedro, Biscotti della Galassia"
Il Firmamento,Cosmic Harmony,"Foglie di Mandragora, Radici di Gravità, Lacrime di Unicorno, Lattuga Namecciana, Petali di Eco"
Il Firmamento,Nebulosa di Sapori Quantici,"Riso di Cassandra, Funghi Orbitali, Essenza di Vuoto, Radici di Singolarità, Cristalli di Nebulite"
Il Firmamento,Galassia in Tavola: Sinfonia dei Sensi,"Spaghi del Sole, Gnocchi del Crepuscolo, Muffa Lunare, Baccacedro, Spezie Melange"
Il Firmamento,Galassie alla Spirale di Vento con Sfera di Ghiaccio Eterno,"Fusilli del Vento, Carne di Xenodonte, Teste di Idra, Farina di Nettuno, Gnocchi del Crepuscolo, Radici di Gravità, Lacrime di Andromeda, Nduja Fritta Tanto"
L Architetto dell Universo,Galassia Riflessa,"Pane degli Abissi, Foglie di Nebulosa, Carne di Balena spaziale, Colonia di Mycoflora, Uova di Fenice, Lacrime di Unicorno, Petali di Eco, Congelamento Bio-Luminiscente Sincronico"
L Architetto dell Universo,Enigma Celeste,"Carne di drago, Gnocchi del Crepuscolo, Spore Quantiche, Vero Ghiaccio, Pane di Luce"
L Architetto dell Universo,Galassia d'Aromi Perduti,"Spaghi del Sole, Bollitura Entropica Sincronizzata, Pane di Luce, Erba Pipa, Lacrime di Unicorno, Cristalli di Nebulite, Congelamento Bio-Luminiscente Sincronico, Decostruzione Ancestrale"
L Architetto dell Universo,Galassia a Tavola: Sinfonia di Tempeste Cosmiche,"Carne di Xenodonte, Teste di Idra, Funghi Orbitali, Liane di Plasmodio, Foglie di Nebulosa, Essenza di Tachioni"
L Architetto dell Universo,Portale Astrale di Sapori,"Carne di Kraken, Carne di Balena spaziale, Nebulite, Pane di Luce, Nettare di Sirena, Nduja Fritta Tanto"
L Architetto dell Universo,Cosmic Harmony Risotto,"Riso di Cassandra, Polvere di Pulsar, Pane di Luce, Lacrime di Unicorno, Spezie Melange, Bollitura Termografica a Rotazione Veloce"
L Architetto dell Universo,Galassia di Celestial Delight,"Soufflé al Vero Ghiaccio, Uova di Fenice, Radici di Singolarità, Colonia di Mycoflora, Essenza di Tachioni, Pane di Farina di Nettuno"
L Architetto dell Universo,Pioggia Calante dell'Universo,"Carne di balena spaziale, Spaghi del Sole, shard di materia oscura, plasma vitale, foglie di mandragora, petali di eco, buccia del baccacedro"
L Architetto dell Universo,Creazione Celestiale: L'Alba del Cosmo,"Liane di Plasmodio, Carne di Balena spaziale, Spaghi del Sole, Polvere di Pulsar, Muffa Lunare, Sale Temporale, Biscotti della Galassia"
L Architetto dell Universo,Cosmic Rhapsody,"Carne di Drago, Carne di Kraken, Funghi dell’Etere, Amido di Stellarion, Polvere di Pulsar"
L Eco dei Sapori,Galassia Infinita: Viaggio tra Memorie e Stelle,"Pane di Luce, Spore Quantiche, Proteine di mare e terra, Essenza di Tachioni, Farina di Nettuno, Sferificazione tramite Matrici Biofotiche, Cristalli di Memoria, Biscotti della Galassia"
L Eco dei Sapori,Eterna Sinfonia del Cosmo,"Carne di mucca, Marinatura Sotto Zero a Polarità Inversa, Nettare di Sirena, Cottura Idrodinamica Autoregolante, Proteine rigenerative delle teste di idra, Decostruzione Magnetica Risonante, Alghe Bioluminescenti, Biscotti della Galassia, Shard di Materia Oscura, Bollitura Infrasonica Armonizzata, Marinatura Temporale Sincronizzata dell'Essenza di Speziaria"
L Eco dei Sapori,Sinfonia Cosmica di Aurora,"Riso di Cassandra, Ebollizione Magneto-Cinetica Pulsante, Pane di Luce, Granuli di Nebbia Arcobaleno, Erba Pipa, Polvere di Pulsar, Incisione Elettromagnetica Plasmica"
L Eco dei Sapori,Galaxia Gustativa,"Amido di Stellarion, Shard di Materia Oscura, Funghi Orbitali, Bollitura Infrasonica Armonizzata, Granuli di Nebbia Arcobaleno, Baccacedro, Fermentazione Quantico Biometrica, Cryo-Tessitura Energetica Polarizzata"
L Eco dei Sapori,Crescendo Cosmico,"Spaghi del Sole, Gnocchi del Crepuscolo, Xenodonte, Polvere di Pulsar, Radici di Singolarità, Colonia di Mycoflora, Spore Quantiche, Congelamento Bio-Luminiscente Sincronico"
L Eco dei Sapori,Simfonia Celeste di Aurora,"Fusilli del Vento, Carne di Xenodonte, Cottura a Vapore con Flusso di Particelle Isoarmoniche, Decostruzione Magnetica Risonante, Mousse di Amido di Stellarion, Colonia di Mycoflora, Alghe Bioluminescenti, Polvere di Pulsar, Muffa Lunare, Cryo-Tessitura Energetica Polarizzata"
L Eco dei Sapori,Portale del Cosmo: Sinfonia di Sapori e Tempi,"Pane degli Abissi, Muffa Lunare, Fibra di Sintetex, Radici di Gravità, Colonia di Mycoflora, Marinatura Psionica, Shard di Prisma Stellare, Funghi Orbitali, Granuli di Nebbia Arcobaleno, Baccacedro, Fermentazione Quantico Biometrica, Cryo-Tessitura Energetica Polarizzata"
L Eco dei Sapori,Verso l'Inedito Oltre,"Lattuga Namecciana, Carne di Drago, Carne di Mucca, Nettare di Sirena, Teste di Idra, Spezie Melange"
L Eco dei Sapori,Sinfonia di Galassie Perdute,"Radici di Singolarità, Lattuga Namecciana, Sferificazione tramite Matrici Biofotiche, Muffa Lunare, Stratificazione Quantica, Cristalli di Memoria, Spezie Melange"
L Eco dei Sapori,Sinfonia degli Elementi Eterni,"Liane di Plasmodio, Radici di Singolarità, Marinatura Psionica, Foglie di Mandragora, Uova di Fenice, Carne di Kraken, Farina di Nettuno, Pane di Luce, Lacrime di Andromeda, Fermentazione Quantico Biometrica, Sferificazione filamentare a molecole vibrazionali"
L Equilibrio Quantico,Sinfonia del Multiverso Nascente,"Polvere di Crononite, Carne di Balena spaziale, Fibra di Sintetex, Gnocchi del Crepuscolo, Muffa Lunare, Essenza di Vuoto"
L Equilibrio Quantico,Antipasto Stellare dell'Eterna Armonia,"Polvere di Crononite, Baccacedro, Fibra di Sintetex, Teste di Idra, Pane di Luce, Farina di Nettuno, Spore Quantiche, Essenza di Speziaria"
L Equilibrio Quantico,Essenze dell'Infinito,"Lattuga Namecciana, Baccacedro, Carne di Kraken, Funghi Orbitali, Essenza di Vuoto"
L Equilibrio Quantico,Etereo Crepuscolare,"Vero Ghiaccio, Colonia di Mycoflora, Lattuga Namecciana, Gnocchi del Crepuscolo, Granuli di Nebbia Arcobaleno"
L Equilibrio Quantico,Sinfonia del Multiverso Calante,"Shard di Prisma Stellare, Granuli di Nebbia Arcobaleno, Fusilli del Vento, Pane degli Abissi, Lacrime di Unicorno"
L Equilibrio Quantico,Sinfonia Quantica dell’Oceano Interstellare,"Vero Ghiaccio, Carne di Xenodonte, Teste di Idra, Carne di Kraken, Nettare di Sirena, Essenza di Vuoto"
L Equilibrio Quantico,Sinfonia Temporale di Fenice e Xenodonte su Pane degli Abissi con Colata di Plasma Vitale e Polvere di Crononite,"Polvere di Crononite, Uova di Fenice, Carne di Xenodonte, Pane degli Abissi, Plasma Vitale"
L Equilibrio Quantico,Nebulare Asteroideo con Crepuscolo di Mucca,"Cristalli di Nebulite, Foglie di Nebulosa, Liane di Plasmodio, Fibra di Sintetex, Teste di Idra, Carne di Mucca, Pane degli Abissi, Fusilli del Vento, Gnocchi del Crepuscolo, Plasma Vitale, Erba Pipa"
L Equilibrio Quantico,Sinfonia Temporale del Drago,"Polvere di Crononite, Radici di Gravità, Baccacedro, Carne di Drago, Amido di Stellarion, Biscotti della Galassia, Nettare di Sirena"
L Equilibrio Quantico,Il Viaggio delle Dimensioni Confluenti,"Polvere di Crononite, Baccacedro, Carne di Balena spaziale, Teste di Idra, Carne di Mucca, Riso di Cassandra, Amido di Stellarion, Funghi dell’Etere, Essenza di Speziaria"
L Essenza Cosmica,Nebulosa di Drago Interdimensionale,"Marinatura Temporale Sincronizzata della Carne di Drago, Grigliatura Elettro-Molecolare a Spaziatura Variabile, Pane di Luce, Amido di Stellarion, Nettare di Sirena, Salsa Szechuan, Taglio a Risonanza Sonica Rigenerativa"
L Essenza Cosmica,Sinfonia Cosmica: La Danza dell'Universo,"Pane di Luce, Risotto di Alghe Bioluminescenti e Foglie di Nebulosa, Carne di Drago con Cottura Olografica Quantum Fluttuante, Pane degli Abissi, Brodo di Lacrime di Andromeda, Polvere di Crononite, Mycoflora fresca, Affumicatura a Stratificazione Quantica"
L Essenza Cosmica,Interstellar Requiem,"Raviolo con Colonia di Mycoflora fermentata psionicamente, Shard di Prisma Stellare, Alghe Bioluminescenti, Essenza di Speziaria, Cottura a Vapore Termocinetica Multipla, Fermentazione Psionica Energetica"
L Essenza Cosmica,Nebulae Di-Cedri Risvegliati,"Polvere di Pulsar, Granuli di Nebbia Arcobaleno, Radici di Singolarità, Bollitura Infrasonica Armonizzata, Foglie di Mandragora, Cottura Olografica Quantum Fluttuante, Salsa Szechuan, Baccacedro, Taglio a Risonanza Sonica Rigenerativa, Cottura Sottovuoto Bioma Sintetico, Cottura Sottovuoto Frugale Energeticamente Negativa"
L Essenza Cosmica,Nebulosa dell'Infinito: Un Viaggio attraverso il Cosmo del Gusto,"Carne di Kraken con Affumicatura Temporale Risonante, Spaghi del Sole, Granuli di Nebbia Arcobaleno, Alghe Bioluminescenti, Pane di Luce, Nettare di Sirena, Salsa Szechuan"
L Essenza Cosmica,Nebulosa Eterna,"Riso di Cassandra con Bollitura Entropica Sincronizzata, Carne di Drago con Affumicatura a Stratificazione Quantica, Alghe Bioluminescenti, Foglie di Nebulosa, Pane degli Abissi, Plasma Vitale, Essenza di Vuoto, Cristalli di Memoria"
L Essenza Cosmica,Risveglio Cosmico,"Carpaccio di Carne di Kraken, Muffa Lunare, Sale Temporale, Risotto Galattico, Farina di Nettuno, Amido di Stellarion, Pane di Luce, Mousse di Shard di Prisma Stellare, Affumicatura Psionica Sensoriale, Affumicatura Temporale Risonante"
L Essenza Cosmica,Aurora del Cosmo,"Radici di Singolarità, Cottura Sottovuoto Frugale Energeticamente Negativa, Cottura con Microonde Entropiche Sincronizzate, Nettare di Sirena, Shard di Prisma Stellare, Foglie di Nebulosa, Cottura Sottovuoto Bioma Sintetico"
L Essenza Cosmica,Galassia nel Piatto: Sinfonia di Sapori e Dimensioni,"Gnocchi del Crepuscolo, Carne di Drago con affumicatura temporale risonante, Carne di Balena spaziale con Amalgamazione Sintetica Molecolare, Uovo di Fenice, Pane di Luce, Lacrime di Unicorno, Fusilli del Vento, Lattuga Namecciana, Radici di Singolarità, Affettamento a Pulsazioni Quantistiche, Bollitura Infrasonica Armonizzata, Frammenti di Supernova cristallizzati, Plasma Vitale, Essenza di Vuoto, Cristalli di Memoria"
L Essenza Cosmica,Nebulosa Celeste di Terrafirma,"Fusilli del Vento, Carne di Drago con affumicatura temporale risonante, Carne di Balena spaziale con Amalgamazione Sintetica Molecolare, Uovo di Fenice, Pane di Luce, Lacrime di Unicorno"
L Essenza del Multiverso su Pandora,Viaggio Gastronomico tra le Stelle,"Fusilli del Vento, Carne di Balena spaziale, Radici di Singolarità, Essenza di Tachioni"
L Essenza del Multiverso su Pandora,Sinfonia del Cosmo Rigenerante,"Carne di Balena Spaziale, Cristalli di Memoria, Uova di Fenice, Lacrime di Unicorno, Biscotti della Galassia, Sale Temporale"
L Essenza del Multiverso su Pandora,Delizia Astrale all'Essenza del Multiverso,"Radici di Singolarità, Carne di Kraken, Foglie di Nebulosa, Uova di Fenice, Alghe Bioluminescenti, Vero Ghiaccio, Essenza di Tachioni"
L Essenza del Multiverso su Pandora,Melodia del Multiverso Parallelo,"Carne di Mucca, Incisione Elettromagnetica Plasmica, Uova di Fenice, Nduja Fritta Tanto, Fusilli del Vento, Pane degli Abissi, Polvere di Crononite"
L Essenza del Multiverso su Pandora,Portale Interdimensionale di Sapori,"Gnocchi del Crepuscolo, Carne di Kraken, Foglie di Mandragora, Shard di Materia Oscura, Riso di Cassandra, Lacrime di Andromeda, Sferificazione con Campi Magnetici Entropici"
L Essenza del Multiverso su Pandora,Ode al Crepuscolo del Multiverso,"Carne di mucca, Gnocchi del Crepuscolo, Lacrime di Unicorno, Pane degli Abissi, Polvere di Pulsar"
L Essenza del Multiverso su Pandora,Sinfonia Interstellare di Fusilli del Vento con Nettare di Sirena,"Fusilli del Vento, Teste di Idra, Radici di Gravità, Foglie di Mandragora, Polvere di Pulsar"
L Essenza del Multiverso su Pandora,La Voce del Vento,"Carne di Balena Spaziale, Polvere di Pulsar, Foglie di Nebulosa, Funghi dell’Etere, Sale Temporale"
L Essenza del Multiverso su Pandora,Nebulose a Strati,"Farina di Nettuno, Carne di Mucca e di Kraken, Colonia di Mycoflora, Radici di Gravità, Marmellata di Baccacedro, Shard di Prisma Stellare, Zabaione di Plasma Vitale"
L Essenza del Multiverso su Pandora,Sinfonia Aromatica del Multiverso,"Carne di vegetali sublimati, Lattuga Namecciana, Foglie di Nebulosa, Cristalli di Memoria, Spore Quantiche, Sale Temporale"
L Essenza delle Dune,Il Ricordo del Fuoco Celeste,"Farina di Nettuno, Carne di Drago, Lattuga Namecciana, Salsa Szechuan, Uova di Fenice, Spaghi del Sole, Shard di Materia Oscura"
L Essenza delle Dune,Sinfonia dei Ricordi Celesti,"Carne di balena spaziale, Granuli di nebbia arcobaleno, Vapore termocinetico multiplo, Pane degli Abissi, Polvere di crononite, Cristalli di sale temporale"
L Essenza delle Dune,Sinfonia del Cosmo,"Liane di Plasmodio, Funghi Orbitali, Fibra di Sintetex, Sale Temporale, Foglie di Nebulosa"
L Essenza delle Dune,Rapsodia dei Ricordi Celesti,"Croissant celestiale, Carne di Xenodonte, Carne di Mucca, Forno Dinamico Inversionale, Lacrime di Andromeda, Essenza di Speziaria"
L Essenza delle Dune,Il Simposio degli Infiniti Ricordi,"Pane degli Abissi, Carne di Balena spaziale, Carne di Xenodonte, Lacrime di Unicorno, Cristalli di Nebulite, Uova di Fenice, Granuli di Nebbia Arcobaleno, Biscotti della Galassia"
L Essenza delle Dune,Viaggio dei Ricordi Stellari,"Gnocchi del Crepuscolo, Liane di Plasmodio, Granuli di Nebbia Arcobaleno, Pane degli Abissi, Nduja Fritta Tanto, Shard di Prisma Stellare, Plasma Vitale"
L Essenza delle Dune,Sinfonia Crepuscolare,"Gnocchi del Crepuscolo, Pane di Luce, Biscotti della Galassia, Spore Quantiche, Marinatura Psionica, Petali di Eco"
L Essenza delle Dune,Sinfonia Celestiale dei Ricordi,"Biscotti della Galassia, Farina di Nettuno, Teste di Idra, Colonia di Mycoflora, Spaghi del Sole, Zabaione stellare, Shard di Materia Oscura"
L Essenza delle Dune,Sfere del Ricordo Astrale,"Carne di Drago, Liane di Plasmodio, Pane degli Abissi, Funghi dell'Etere, Polvere di Pulsar, Salsa Szechuan"
L Essenza di Asgard,Quadrifonia Cosmica: Sinfonia di Sapori e Dimensioni,"Polvere di Stelle, Foglie di Nebulosa, Baccacedro, Foglie di Mandragora, Teste di Idra, Pane di Luce, Spaghi del Sole, Gnocchi del Crepuscolo, Lacrime di Unicorno, Sale Temporale"
L Essenza di Asgard,Sinfonia Cosmica di Terre e Stelle,"Baccacedro, Liane di Plasmodio, Fibra di Sintetex, Carne di Xenodonte, Pane di Luce, Pane degli Abissi"
L Essenza di Asgard,Lumière Cosmica,"Polvere di Pulsar, Radici di Gravità, Pane degli Abissi, Funghi Orbitali"
L Essenza di Asgard,Risveglio Cosmico: Un Viaggio nel Sapore Quantistico,"Polvere di Stelle, Liane di Plasmodio, Biscotti della Galassia, Amido di Stellarion, Funghi dell’Etere, Salsa Szechuan"
L Essenza di Asgard,L'Ascensione Siderale,"Frammenti di Supernova, Foglie di Nebulosa, Liane di Plasmodio, Fibra di Sintetex, Carne di Balena spaziale, Fusilli del Vento"
L Essenza di Asgard,Portale di Sapori Arcani,"Shard di Prisma Stellare, Foglie di Mandragora, Carne di Balena spaziale, Carne di Kraken, Essenza di Tachioni"
L Essenza di Asgard,Fenice sull'Orizzonte degli Eventi,"Baccacedro, Radici di Singolarità, Colonia di Mycoflora, Carne di Xenodonte, Carne di Drago, Uova di Fenice, Pane di Luce, Lacrime di Andromeda, Spezie Melange"
L Essenza di Asgard,Portale Cosmico del Kraken,"Polvere di Crononite, Lattuga Namecciana, Carne di Drago, Fibra di Sintetex, Carne di Kraken, Amido di Stellarion, Granuli di Nebbia Arcobaleno, Farina di Nettuno, Funghi Orbitali, Erba Pipa"
L Essenza di Asgard,Una Mucca e una Balena nella Singolarità,"Frammenti di Supernova, Colonia di Mycoflora, Radici di Singolarità, Carne di Mucca, Carne di Balena spaziale, Fibra di Sintetex, Farina di Nettuno, Pane degli Abissi, Spore Quantiche, Essenza di Speziaria"
L Essenza di Asgard,Risotto Cosmico alla Draconia,"Cristalli di Nebulite, Fibra di Sintetex, Carne di Drago, Carne di Mucca, Fusilli del Vento, Granuli di Nebbia Arcobaleno, Biscotti della Galassia, Muffa Lunare, Petali di Eco"
L infinito in un Boccone,Universo in Fluttuazione,"Vero Ghiaccio, scorza artica, Farina di Nettuno, Pane di Luce, Carne di Drago, Lacrime di Unicorno, Amido di Stellarion, Taglio a Risonanza Sonica Rigenerativa"
L infinito in un Boccone,Sinfonia Astrale - Risotto Multiversale con Risacca Celeste,"Riso di Cassandra, brodo di Teste di Idra, Carne di Xenodonte, Polvere di Pulsar, Lattuga Namecciana, Lacrime di Andromeda, Amido di Stellarion, Congelazione Iperdimensionalmente Stratificata"
L infinito in un Boccone,Sinfonia Temporale Galattica,"Colonies di Mycoflora, Fibra di Sintetex, Cristalli di Nebulite, Spore Quantiche, Bacche di Baccacedro, Sale Temporale"
L infinito in un Boccone,Sinfonia del Multiverso di Gusto,"Amido di Stellarion, Fusilli del Vento, Granuli di Nebbia Arcobaleno, Carne di Xenodonte, Carne di Kraken, Carne di Mucca, Decostruzione Interdimensionale Lovecraftiana, Fermentazione Psionica Energetica, Erba Pipa"
L infinito in un Boccone,Sinfonia Cosmica,"Shard di Prisma Stellare, Granuli di Nebbia Arcobaleno, Colonia di Mycoflora, Carne di Balena Spaziale, Radici di Singolarità, Pane degli Abissi, Funghi dell’Etere, Essenza di Vuoto, Baccacedro caramellato"
L infinito in un Boccone,Danza Cosmica al Crepuscolo,"Gnocchi del Crepuscolo, Carne di Drago, Muffa Lunare, Polvere di Stelle, Essenza di Vuoto"
L infinito in un Boccone,Sinfonia Astrale,"Riso di Cassandra, Pane degli Abissi, Gnocchi del Crepuscolo, Nduja Fritta Tanto, Uova di Fenice, Lacrime di Unicorno, Frammenti di Supernova"
L infinito in un Boccone,Dimensioni di Sapori Infusi,"Riso di Cassandra, Idro-Cristallizzazione Sonora Quantistica, Carne di Mucca, Affumicatura Temporale Risonante, Pane di Luce, Spaghi del Sole, Radici di Gravità, Plasma Vitale, Saltare in Padella Realtà Energetiche Parallele"
L infinito in un Boccone,Cosmos Culinary Symphony,"Biscotti della Galassia, Carne di Mucca, Salsa Szechuan, Amido di Stellarion, Radici di Gravità, Uova di Fenice, Granuli di Nebbia Arcobaleno, Essenza di Speziaria"
L infinito in un Boccone,Portale delle Meraviglie,"Pane di Luce, Carne di Balena Spaziale, Carne di Drago, Uovo di Fenice, Granuli di Nebbia Arcobaleno, Essenza di Speziaria, Vero Ghiaccio"
L Oasi delle Dune Stellari,La Creazione di Nova,"Frammenti di Supernova, Lattuga Namecciana, Radici di Gravità, Fibra di Sintetex, Teste di Idra, Carne di Drago, Riso di Cassandra, Essenza di Vuoto"
L Oasi delle Dune Stellari,Eterea Sinfonia di Gravità con Infusione Temporale,"Colonia di Mycoflora, Radici di Gravità, Carne di Xenodonte, Teste di Idra, Funghi dell’Etere, Essenza di Tachioni"
L Oasi delle Dune Stellari,Universo in Fusilli - Variazione Celestiale,"Teste di Idra, Carne di Xenodonte, Pane degli Abissi, Fusilli del Vento, Muffa Lunare"
L Oasi delle Dune Stellari,Cosmic Serenade,"Shard di Materia Oscura, Foglie di Mandragora, Carne di Balena spaziale, Carne di Kraken, Amido di Stellarion, Nettare di Sirena, Essenza di Tachioni"
L Oasi delle Dune Stellari,Ecosistema Celeste,"Colonia di Mycoflora, Liane di Plasmodio, Baccacedro, Amido di Stellarion, Lacrime di Andromeda, Nduja Fritta Tanto"
L Oasi delle Dune Stellari,Universo in Un Boccone,"Frammenti di Supernova, Radici di Singolarità, Alghe Bioluminescenti, Teste di Idra, Carne di Drago, Gnocchi del Crepuscolo, Pane di Luce, Muffa Lunare, Nduja Fritta Tanto"
L Oasi delle Dune Stellari,Nebulosa Celestiale di Sogni Quantici,"Polvere di Crononite, Baccacedro, Colonia di Mycoflora, Liane di Plasmodio, Granuli di Nebbia Arcobaleno, Amido di Stellarion, Lacrime di Unicorno, Salsa Szechuan"
L Oasi delle Dune Stellari,Universo Cosmico nel Piatto,"Vero Ghiaccio, Lattuga Namecciana, Colonia di Mycoflora, Uova di Fenice, Carne di Kraken, Spaghi del Sole, Muffa Lunare, Erba Pipa"
L Oasi delle Dune Stellari,Galassia Speculare,"Polvere di Pulsar, Colonia di Mycoflora, Radici di Singolarità, Liane di Plasmodio, Pane di Luce, Fusilli del Vento, Essenza di Tachioni"
L Universo in Cucina,Galassia di Sapori Interstellari,"Gnocchi del Crepuscolo, Granuli di Nebbia Arcobaleno, Amido di Stellarion, Foglie di Nebulosa, Erba Pipa, Spore Quantiche, Radici di Singolarità, Baccacedro, Polvere di Crononite"
L Universo in Cucina,Galassia Aurorale,"Liane di Plasmodio, Radici di Gravità, Cristalli di Nebulite, Carne di Xenodonte, Foglie di Nebulosa, Spaghi del Sole, Uovo di Fenice, Farina di Nettuno"
L Universo in Cucina,Galassia di Sapori: L'Eterno Ritorno,"Riso di Cassandra, Carne di Balena Spaziale, Carne di Drago, Pane di Luce, Farina di Nettuno, Radici di Singolarità, Lacrime di Andromeda, Sale Temporale, Cristalli di Memoria, Fibra di Sintetex"
L Universo in Cucina,Rivelazione del Multiverso,"Carne di Kraken, Pane degli Abissi, Radici di Gravità, Nettare di Sirena, Essenza di Speziaria"
L Universo in Cucina,Sinfonia Cosmica della Rinascita,"Carne di Mucca, Uovo di Fenice, Foglie di Nebulosa, Radici di Singolarità, Granuli di Nebbia Arcobaleno, Biscotti della Galassia, Erba Pipa"
L Universo in Cucina,Galassia di Sapori,"Carne di Mucca, Carne di Drago, Radici di Gravità, Nettare di Sirena, Essenza di Speziaria"
L Universo in Cucina,Stellar Fusion,"Farina di Nettuno, Funghi Orbitali, Salsa Szechuan, Shard di Materia Oscura"
L Universo in Cucina,Portale delle Stelle,"Pane degli Abissi, Carne di Xenodonte, Funghi dell’Etere, Biscotti della Galassia, Frammenti di Supernova, Spezie Melange"
L Universo in Cucina,Sogni di Abisso Cosmico,"Pane degli Abissi, Carne di Kraken, Farina di Nettuno, Erba Pipa, Teste di Idra, Fusilli del Vento, Uova di Fenice"
Le Dimensioni del Gusto,Sinfonia Cosmica: la Vendetta Fantasma,"Fusilli del Vento, Essenza di Vuoto, Spaghi del Sole, Colonia di Mycoflora, Marinatura Psionica, Cottura a vapore termocinetica multipla, Affumicatura a stratificazione quantica, Biscotti della Galassia, Cottura sottovuoto frugale energeticamente negativa"
Le Dimensioni del Gusto,Antipasto Celestiale,"Carne di Balena Spaziale, Pane di Luce, Granuli di Nebbia Arcobaleno, Carne di Kraken, Teste di Idra, Fermentazione Quantico Biometrica, Fusilli del Vento, Amalgamazione Sintetica Molecolare, Frammenti di Supernova, Erba Pipa"
Le Dimensioni del Gusto,Sinfonia Cosmica: il Ritorno dell'Imperatore,"Carne di Balena spaziale, Grigliatura Elettro-Molecolare a Spaziatura Variabile, Carne di Mucca, Amalgamazione Sintetica Molecolare, Spore Quantiche, Polvere di Crononite, petali di Erba Pipa"
Le Dimensioni del Gusto,Evanescenza Cosmica,"Fusilli del Vento, Shard di Materia Oscura, Amalgamazione Sintetica Molecolare, Foglie di Mandragora, Fibra di Sintetex, Uova di Fenice, Plasma Vitale, Essenza di Tachioni"
Le Dimensioni del Gusto,Galassia nel Piatto: Sinfonia Universale di Aromi e Sapori,"Riso di Cassandra, Carne di Drago, Carne di Xenodonte, Affumicatura a Stratificazione Quantica, Salsa Szechuan, Bollitura Infrasonica Armonizzata, Spaghi del Sole, Muffa Lunare, Biscotti della Galassia, Vero Ghiaccio, Cottura con Microonde Entropiche Sincronizzate"
Le Dimensioni del Gusto,Sinfonia Galattica di Sapori con Sorpresa di Drago Fiammante,"Lattuga Namecciana, Carne di Balena spaziale, Cottura a Vapore Ecodinamico Bilanciato, Carne di Kraken, Fibra di Sintetex, Nduja Fritta Tanto, Taglio a Risonanza Sonica Rigenerativa, Erba Pipa"
Le Dimensioni del Gusto,Galassia di Sapori di Aurora,"Carne di Mucca, Fibra di Sintetex, Grigliatura Elettro-Molecolare a Spaziatura Variabile, Sorbetto di uova di Fenice, Cottura con Microonde Entropiche Sincronizzate, Funghi dell’Etere, Affumicatura a Stratificazione Quantica, Amido di Stellarion, Fermentazione Quantico Biometrica, Impasto Gravitazionale Vorticoso, Nduja Fritta Tanto"
Le Dimensioni del Gusto,Galassia di Sapore Interdimensionale,"Cristalli di Memoria, Particelle Isoarmoniche, Carne di Mucca, Carne di Balena Spaziale, Marinatura Psionica, Riso di Cassandra, Cottura con Microonde Entropiche Sincronizzate, Cottura a Vapore Termocinetica Multipla, Taglio a Risonanza Sonica Rigenerativa, Erba Pipa"
Le Dimensioni del Gusto,Galassia di Sapori: Sinfonia Transdimensionale,"Granuli di Nebbia Arcobaleno, Pane degli Abissi, Spaghi del Sole, Cottura con Microonde Entropiche Sincronizzate, Affumicatura a Stratificazione Quantica, Muffa Lunare, Fermentazione Quantico Biometrica, Cottura a Vapore Ecodinamico Bilanciato, Polvere di Frammenti di Supernova"
Le Stelle che Ballano,Nebulosa Galattica,"Radici di Gravità, Alghe Bioluminescenti, Foglie di Nebulosa, Gnocchi del Crepuscolo, Essenza di Tachioni"
Le Stelle che Ballano,Sinfonia Cosmica di Proteine Interstellari,"Carne di Balena spaziale, Carne di Mucca, Carne di Xenodonte, Pane degli Abissi, Funghi dell’Etere"
Le Stelle che Ballano,L'Estasi Cosmica di Nova,"Polvere di Pulsar, Foglie di Mandragora, Carne di Balena spaziale, Pane di Luce, Granuli di Nebbia Arcobaleno, Funghi Orbitali, Sale Temporale"
Le Stelle che Ballano,Viaggio Galattico: Sinfonia dei Sensi,"Shard di Prisma Stellare, Baccacedro, Carne di Xenodonte, Carne di Kraken, Biscotti della Galassia, Amido di Stellarion, Riso di Cassandra, Essenza di Speziaria"
Le Stelle che Ballano,Cosmic Synchrony: Il Destino di Pulsar,"Polvere di Pulsar, Foglie di Mandragora, Spaghi del Sole, Farina di Nettuno, Plasma Vitale, Essenza di Tachioni"
Le Stelle che Ballano,Il Crepuscolo dell’Unicorno,"Shard di Materia Oscura, Radici di Gravità, Alghe Bioluminescenti, Amido di Stellarion, Lacrime di Unicorno"
Le Stelle che Ballano,Galassia di Sapore,"Shard di Prisma Stellare, Colonia di Mycoflora, Lattuga Namecciana, Carne di Balena spaziale, Carne di Xenodonte, Carne di Kraken, Amido di Stellarion, Erba Pipa"
Le Stelle che Ballano,Il Risveglio della Fenice sull'Arcobaleno d'Oceano,"Polvere di Pulsar, Colonia di Mycoflora, Foglie di Nebulosa, Uova di Fenice, Pane degli Abissi, Granuli di Nebbia Arcobaleno, Nettare di Sirena, Essenza di Speziaria"
Le Stelle che Ballano,Il Viaggio Celeste,"Polvere di Crononite, Lattuga Namecciana, Fibra di Sintetex, Carne di Kraken, Carne di Drago, Gnocchi del Crepuscolo, Muffa Lunare, Erba Pipa"
Le Stelle che Ballano,Luce e Ombra di Nomea Spaziale,"Lattuga Namecciana, Carne di Balena spaziale, Fusilli del Vento, Pane di Luce, Lacrime di Unicorno, Essenza di Speziaria"
Le Stelle Danzanti,Rivisitazione del Kraken sotto Molecole,"Carne di Kraken, Grigliatura a Energia Stellare DiV, Colonia di Mycoflora, Spezie Melange, Fusilli del Vento, Foglie di Mandragora, Polvere di Crononite, Pane di Luce, Fibra di Sintetex"
Le Stelle Danzanti,Sinfonia Celestiale,"Gnocchi del Crepuscolo, Grigliatura Psionica Dinamica Ritmica, Muffa Lunare, Pane degli Abissi, Uova di Fenice, Polvere di Stelle, Teste di Idra, Petali di Eco, Biscotti della Galassia"
Le Stelle Danzanti,Sinfonia Cosmica di Sapori,"Liane di Plasmodio, Cottura a Vapore Risonante Simbiotico, Teste di Idra, Alghe Bioluminescenti, Biscotti della Galassia, Lattuga Namecciana, Shard di Materia Oscura, Cottura Olografica Quantum Fluttuante, Nduja Fritta Tanto, Nettare di Sirena"
Le Stelle Danzanti,Galassia di Sogni Cosmogastronomici,"Spaghi del Sole, Shard di Prisma Stellare, Nettare di Sirena, Fermentazione Quantico Biometrica, Nebbia Arcobaleno, Grigliatura Elettro-Molecolare a Spaziatura Variabile, Baccacedro, Erba Pipa"
Le Stelle Danzanti,Entropia Eterna,"Carne di balena spaziale, Affumicatura a Stratificazione Quantica, teste di Idra, fibra di Sintetex, biscotti della galassia, polvere di stelle"
Le Stelle Danzanti,Valzer delle Stelle,"Carne di Drago, Cottura Sottovuoto Frugale Energeticamente Negativa, Carne di Kraken, Fermentazione Quantico Biometrica, Pane di Luce, Uova di Fenice, Amido di Stellarion, Polvere di Pulsar, Spore Quantiche, Nduja Fritta Tanto"
Le Stelle Danzanti,Sinfonia di Galassie Riflesse,"Fusilli del Vento, Cottura a Vapore Ecodinamico Bilanciato, Carne di Kraken, Cottura a Vapore Risonante Simbiotico, Funghi dell’Etere, Sferificazione Cromatica Interdimensionale, Shard di Materia Oscura, Foglie di Mandragora, Petali di Eco, Decostruzione Bio-Fotonica Emotiva, Bollitura Termografica a Rotazione Veloce"
Le Stelle Danzanti,Valzer Cosmico di Asteria,"Carne di Xenodonte, Cottura Sottovuoto Frugale Energeticamente Negativa, Cottura a Vapore Risonante Simbiotico, Pane di Luce, Nettare di Sirena, Fermentazione Quantico Biometrica, Frammenti di Supernova, Affumicatura a Stratificazione Quantica, Uova di Fenice, Erba Pipa"
Ristorante delle Dune Stellari,Sinfonia di Cristalli e Rigenerazione,"Shard di Prisma Stellare, Radici di Gravità, Liane di Plasmodio, Uova di Fenice, Riso di Cassandra, Pane degli Abissi, Funghi dell’Etere, Essenza di Tachioni"
Ristorante delle Dune Stellari,Stella Nova,"Cristalli di Nebulite, Foglie di Nebulosa, Fibra di Sintetex, Pane degli Abissi, Pane di Luce, Lacrime di Unicorno, Erba Pipa"
Ristorante delle Dune Stellari,Sinfonia del Multiverso,"Cristalli di Memoria, Foglie di Mandragora, Radici di Singolarità, Fusilli del Vento, Plasma Vitale"
Ristorante delle Dune Stellari,Sinfonia di Multiverso: La Danza degli Elementi,"Shard di Prisma Stellare, Carne di Balena spaziale, Carne di Drago, Teste di Idra, Essenza di Vuoto"
Ristorante delle Dune Stellari,Più Lontano delle Stelle,"Polvere di Pulsar, Foglie di Mandragora, Teste di Idra, Lacrime di Unicorno, Essenza di Vuoto"
Ristorante delle Dune Stellari,Sinfonia Cosmica del Multiverso,"Frammenti di Supernova, Baccacedro, Radici di Gravità, Colonia di Mycoflora, Granuli di Nebbia Arcobaleno, Lacrime di Andromeda, Essenza di Vuoto"
Ristorante delle Dune Stellari,Viaggio Celeste nel Multiverso,"Cristalli di Memoria, Lattuga Namecciana, Foglie di Mandragora, Carne di Balena spaziale, Fibra di Sintetex, Lacrime di Unicorno, Salsa Szechuan"
Ristorante delle Dune Stellari,Sinfonia di Gusti del Multiverso,"Alghe Bioluminescenti, Carne di Kraken, Carne di Drago, Teste di Idra, Essenza di Vuoto"
Ristorante delle Dune Stellari,Portale del Cosmo: Sinfonia di Sapori Multidimensionali,"Polvere di Stelle, Lattuga Namecciana, Baccacedro, Granuli di Nebbia Arcobaleno, Essenza di Vuoto"
Ristorante delle Dune Stellari,Sinfonia Galattica ai Cristalli di Nebulite,"Cristalli di Nebulite, Colonia di Mycoflora, Liane di Plasmodio, Spaghi del Sole, Lacrime di Unicorno, Petali di Eco"
Ristorante Quantico,Echi del Mare Eterno,"Carne di Kraken, Plasma Vitale, Teste di Idra, Salsa Szechuan, Cristalli di Memoria"
Ristorante Quantico,Odissea Temporale,"Carne di Drago, Carne di Mucca, Foglie di Mandragora, Lacrime di Unicorno, Essenza di Tachioni, Teste di Idra, Flusso di Particelle Isoarmoniche, Cristalli di Vero Ghiaccio"
Ristorante Quantico,Rintocchi del Cosmo,"Lattuga Namecciana, Radici di Gravità, Shard di Materia Oscura, Funghi dell’Etere, Cryo-Tessitura Energetica Polarizzata, Essenza di Vuoto"
Ristorante Quantico,Armonia Cosmica alla Tavola d'Oro,"Muffa Lunare, Polvere di Crononite, Baccacedro, Pane degli Abissi, Sale Temporale, Polvere di luce"
Ristorante Quantico,Echi del Cosmo,"Riso di Cassandra, Carne di Mucca, Carne di Kraken, Farina di Nettuno, Cristalli di Memoria"
Ristorante Quantico,Ethereal Temporal Elixir,"Pane di Luce, Carne di Balena Spaziale, Spaghi del Sole, Baccacedro, Colonie di Mycoflora, Funghi dell’Etere, Polvere di Crononite, Nduja Fritta Tanto, Impasto a Campi Magnetici Dualistici"
Ristorante Quantico,Sinfonia Celestiale di Gnocchi del Crepuscolo,"Gnocchi del Crepuscolo, Carne di Drago, Foglie di Mandragora, Shard di Materia Oscura, Farina di Nettuno"
Ristorante Quantico,Eclissi Armonica di Sapori,"Spaghi del Sole, Muffa Lunare, Granuli di Nebbia Arcobaleno, Carne di Xenodonte, Foglie di Mandragora, Salsa Szechuan"
Ristorante Quantico,Il Viaggio dell'Etereo Risveglio,"Gnocchi del Crepuscolo, Cristalli di Nebulite, Carne di Xenodonte, Carne di Balena spaziale, Alghe Bioluminescenti, Fibra di Sintetex, Amido di Stellarion, Essenza di Tachioni"
Ristorante Quantico,Sinfonia Cosmica di Mare e Stelle,"Carne di Kraken, Plasma Vitale, Teste di Idra, Salsa Szechuan, Cristalli di Memoria, Carne di Drago, Carne di Mucca, Foglie di Mandragora, Lacrime di Unicorno, Essenza di Tachioni, Cristalli di Vero Ghiaccio"
Sala del Valhalla,Pane e Carne Rivisitato,"Spaghi del Sole, Carne di Drago, Salsa Szechuan, Supernova, Baccacedro, Foglie di Nebulosa, lattuga Namecciana, Pane degli Abissi, Pane di Luce, Plasma Vitale"
Sala del Valhalla,Risotto Cosmico Multiversale,"Shard di Materia Oscura, Carne di Xenodonte, Carne di Mucca, Granuli di Nebbia Arcobaleno, Muffa Lunare"
Sala del Valhalla,Il Risveglio del Multiverso,"Radici di Singolarità, Alghe Bioluminescenti, Foglie di Mandragora, Granuli di Nebbia Arcobaleno, Plasma Vitale"
Sala del Valhalla,Sinfonia del Cosmo e della Leggenda,"Carne di Xenodonte, Carne di Drago, Teste di Idra, Funghi Orbitali, Nduja Fritta Tanto"
Sala del Valhalla,Cosmos Quantum Fusion,"Vero Ghiaccio, Carne di Kraken, Gnocchi del Crepuscolo, Funghi Orbitali, Nduja Fritta Tanto"
Sala del Valhalla,Più-dimensionale Sinfonia di Sapori: La Carne del Cosmo,"Shard di Prisma Stellare, Carne di Balena spaziale, Carne di Xenodonte, Pane degli Abissi, Muffa Lunare, Spezie Melange"
Sala del Valhalla,Plasma Celestiale al Risotto di Kraken nell'Aura del Sole,"Cristalli di Memoria, Fibra di Sintetex, Carne di Kraken, Spaghi del Sole, Granuli di Nebbia Arcobaleno, Biscotti della Galassia, Essenza di Vuoto"
Sala del Valhalla,Risotto Interdimensionale alla Carne di Drago e Balena Spaziale con Biscotti della Galassia Croccanti,"Baccacedro, Liane di Plasmodio, Radici di Gravità, Carne di Drago, Carne di Balena spaziale, Biscotti della Galassia, Pane di Luce, Spezie Melange"
Sala del Valhalla,Alternate Realities Risotto,"Polvere di Stelle, Radici di Singolarità, Carne di Balena spaziale, Carne di Drago, Riso di Cassandra, Nettare di Sirena, Sale Temporale"
Sapore del Dune,Sinfonia Quantistica delle Stelle,"Shard di Prisma Stellare, Lattuga Namecciana, Radici di Singolarità, Fibra di Sintetex, Carne di Balena spaziale, Teste di Idra, Nettare di Sirena, Sale Temporale"
Sapore del Dune,Sinfonia Quantistica dell'Universo,"Shard di Prisma Stellare, Foglie di Nebulosa, Lattuga Namecciana, Teste di Idra, Carne di Mucca, Farina di Nettuno, Riso di Cassandra, Fusilli del Vento, Nduja Fritta, Tanto"
Sapore del Dune,Evanescenza Quantica,"Cristalli di Memoria, Radici di Singolarità, Lattuga Namecciana, Baccacedro, Granuli di Nebbia Arcobaleno, Plasma Vitale, Petali di Eco"
Sapore del Dune,Galassia di Sapori Sublimi,"Frammenti di Supernova, Baccacedro, Foglie di Nebulosa, Radici di Singolarità, Amido di Stellarion, Fusilli del Vento"
Sapore del Dune,Galassia di Sapore Quantico,"Polvere di Stelle, Alghe Bioluminescenti, Colonia di Mycoflora, Carne di Drago, Teste di Idra, Plasma Vitale, Nduja Fritta, Tanto"
Sapore del Dune,Interstellare Risveglio di Kraken,"Polvere di Pulsar, Liane di Plasmodio, Radici di Singolarità, Carne di Kraken, Amido di Stellarion, Riso di Cassandra, Plasma Vitale, Nduja Fritta, Tanto"
Sapore del Dune,Sinfonia Temporale delle Profondità Infrasoniche,"Polvere di Crononite, Carne di Kraken, Carne di Balena spaziale, Funghi Orbitali, Sale Temporale"
Sapore del Dune,Pioggia di Dimensioni Galattiche,"Shard di Prisma Stellare, Lattuga Namecciana, Biscotti della Galassia, Pane degli Abissi, Nettare di Sirena, Essenza di Vuoto"
Sapore del Dune,Ode Cosmica di Terra e Stelle,"Polvere di Stelle, Alghe Bioluminescenti, Teste di Idra, Fibra di Sintetex, Carne di Balena spaziale, Spaghi del Sole, Nettare di Sirena, Spezie Melange"
Sapore del Dune,Sinfonia Galattica,"Cristalli di Nebulite, Colonia di Mycoflora, Teste di Idra, Carne di Xenodonte, Carne di Drago, Pane degli Abissi, Funghi dell’Etere"
Stelle Astrofisiche,Viaggio Cosmico tra Mare e Stelle,"Carne di Balena Spaziale, Carne di Kraken, Teste di Idra, Lacrime di Andromeda, Riso di Cassandra, Pane degli Abissi, Spezie Melange"
Stelle Astrofisiche,Nebulosa di Dragone all'Essenza di Vuoto,"Lattuga Namecciana, Polvere di stelle, Carne di Drago, Spore Quantiche, Essenza di Vuoto"
Stelle Astrofisiche,Il Viaggio Cosmico di Marinetti,"Pane degli Abissi, Polvere di Crononite, Teste di Idra, Granuli di Nebbia Arcobaleno, Alghe Bioluminescenti"
Stelle Astrofisiche,"Piastrella Celestiale di Gnocchi del Crepuscolo con Nebulosa di Riso di Cassandra, Lacrime di Unicorno e Velo di Materia Oscura","Gnocchi del Crepuscolo, Riso di Cassandra, Lacrime di Unicorno, Materia Oscura"
Stelle Astrofisiche,Sinfonia Celeste di Granuli Arcobaleno e Riso di Cassandra,"Granuli di Nebbia Arcobaleno, Riso di Cassandra, Fusilli del Vento, Essenza di Speziaria, Nettare di Sirena"
Stelle Astrofisiche,Cosmos in Tavola,"Gnocchi del Crepuscolo, Carne di Drago, Cristalli di Nebulite, Amido di Stellarion, Nettare di Sirena, Biscotti della Galassia, Essenza di Speziaria"
Stelle Astrofisiche,Eclissi del Drago nell'Abbraccio del Kraken,"Carne di Drago, Carne di Kraken, Riso di Cassandra, Colonia di Mycoflora, Plasma Vitale, Shard di Materia Oscura"
Stelle Astrofisiche,Sinfonia Quantica Galattica,"Lattuga Namecciana, Carne di Drago, Riso di Cassandra, Salsa Szechuan, Biscotti della Galassia, Essenza di Speziaria"
Stelle Astrofisiche,Sinfonia Galattica Agentica,"Pane di Luce, Carne di Drago, Carne di Balena Spaziale, Carne di Kraken, Plasma Vitale"
Stelle dell Infinito Celestiale,La Mucca Che Stordisce l'Universo,"Polvere di Stelle, Lattuga Namecciana, Colonia di Mycoflora, Carne di Mucca"
Stelle dell Infinito Celestiale,Piccola Odissea Cosmica,"Polvere di Pulsar, Carne di Balena spaziale, Uova di Fenice, Teste di Idra, Spaghi del Sole, Essenza di Vuoto"
Stelle dell Infinito Celestiale,L'Unicorno piange il Kraken,"Foglie di Nebulosa, Lattuga Namecciana, Carne di Xenodonte, Fibra di Sintetex, Carne di Kraken, Granuli di Nebbia, Arcobaleno, Lacrime di Unicorno, Spezie Melange"
Stelle dell Infinito Celestiale,La Balena Sputafuoco,"Frammenti di Supernova, Carne di Balena spaziale, Pane degli Abissi, Funghi dell’Etere, Nduja Fritta, Tanto"
Stelle dell Infinito Celestiale,Sassi e Sassolini,"Foglie di Mandragora, Radici di Singolarità, Biscotti della Galassia, Farina di Nettuno, Funghi dell’Etere, Spezie Melange"
Stelle dell Infinito Celestiale,Galassia Ardente,"Frammenti di Supernova, Radici di Singolarità, Foglie di Mandragora, Carne di Kraken, Spaghi del Sole, Amido di Stellarion, Pane di Luce, Muffa Lunare, Spezie Melange"
Stelle dell Infinito Celestiale,Decostruzione Interdimensionale Lovecraftiana,Non specificati
Stelle dell Infinito Celestiale,Galassia di Cosmo-Delizie,"Vero Ghiaccio, Lattuga Namecciana, Carne di Drago, Amido di Stellarion, Lacrime di Unicorno, Essenza di Speziaria"
Stelle dell Infinito Celestiale,Nebulosa di Confini Sfondati,"Shard di Materia Oscura, Radici di Singolarità, Alghe Bioluminescenti, Foglie di Mandragora, Amido di Stellarion, Farina di Nettuno, Plasma Vitale, Petali di Eco"
Tutti a TARSvola,Galassia Sensoriale,"Frammenti di Supernova, Pane di Luce, Spaghi del Sole, Riso di Cassandra, Nettare di Sirena, Petali di Eco"
Tutti a TARSvola,Cosmopastico di Meraviglie Celesti,"Carne di Kraken, Uova di Fenice, Carne di Drago, Pane di Luce, Spaghi del Sole, Riso di Cassandra, Spezie Melange"
Tutti a TARSvola,Sinfonia Cosmica all'Alba di Fenice,"Cristalli di Nebulite, Uova di Fenice, Carne di Mucca, Carne di Kraken, Funghi dell’Etere, Essenza di Tachioni"
Tutti a TARSvola,Sinfonia Cosmica alla Szechuan,"Lattuga Namecciana, Colonia di Mycoflora, Teste di Idra, Granuli di Nebbia Arcobaleno, Plasma Vitale, Salsa Szechuan"
Tutti a TARSvola,Sinfonia Cosmica: Il Crescendo delle Stelle,"Radici di Gravità, Radici di Singolarità, Liane di Plasmodio, Carne di Balena spaziale, Uova di Fenice, Carne di Kraken, Gnocchi del Crepuscolo, Pane di Luce, Funghi Orbitali, Petali di Eco"
Tutti a TARSvola,Cosmofantasia di Terra e Mare nel Vortice delle Stelle,"Shard di Materia Oscura, Lattuga Namecciana, Radici di Gravità, Carne di Kraken, Carne di Mucca, Carne di Balena spaziale, Amido di Stellarion, Nettare di Sirena, Essenza di Tachioni"
Tutti a TARSvola,Cosmic Symphony di Ghiaccio e Fuoco,"Vero Ghiaccio, Colonia di Mycoflora, Radici di Gravità, Pane di Luce, Lacrime di Andromeda, Nduja Fritta, Tanto"
Tutti a TARSvola,Odissea Celestiale,"Cristalli di Memoria, Fibra di Sintetex, Carne di Drago, Biscotti della Galassia, Pane degli Abissi, Gnocchi del Crepuscolo, Muffa Lunare, Spezie Melange"
Tutti a TARSvola,Il Banchetto delle Galassie,"Lattuga Namecciana, Liane di Plasmodio, Carne di Kraken, Carne di Mucca, Pane di Luce, Pane degli Abissi, Funghi dell’Etere, Essenza di Speziaria"
Tutti a TARSvola,Cosmologia Terrestre: Viaggio in Otto Dimensioni,"Baccacedro, Radici di Gravità, Foglie di Mandragora, Carne di Mucca, Salsa Szechuan"
Universo Gastronomico di Namecc,Risotto dei Multiversi,"Riso di Cassandra, Cristalli di Nebulite, Lacrime di Unicorno, Sale Temporale fermentato, Spaghi del Sole, Affumicatura Psionica Sensoriale"
Universo Gastronomico di Namecc,Panetto di Carne,"Farina di Nettuno, Funghi Orbitali, Pane di Luce, Carne di Kraken, Carne di Xenodonte, Microsfere di Sale Temporale, Cristalli di Nebulite, Pane degli Abissi"
Universo Gastronomico di Namecc,Cosmos Risotto Reale,"Amido di Stellarion, Risotto dei Multiversi, Carne di Kraken, Pane di Luce, Funghi Orbitali, Ebollizione Magneto-Cinetica Pulsante, Bollitura Infrasonica Armonizzata, Essenza di Vuoto, Ghiaccio di Criofenice"
Universo Gastronomico di Namecc,La Balena incontra la Mandragora,"Vero Ghiaccio, Radici di Singolarità, Carne di Balena, Muffa Lunare, Foglie di Mandragora, Pane di Luce, Petali di Eco"
Universo Gastronomico di Namecc,Armonia Cosmica della Fenice,"Polvere di Stelle, Carne di mucca, Uova di Fenice, Fibra di Sintetex, Lacrime di Unicorno, Essenza di Tachioni"
Universo Gastronomico di Namecc,Fenice Galattica,"Riso di Cassandra, Cristalli di Nebulite, Alghe Bioluminescenti, Lattuga Namecciana, Uova di Fenice, Muffa Lunare, Congelazione Iperdimensionalmente Stratificata"
Universo Gastronomico di Namecc,Rapsodia Quantistica nel Cosmo,"Carne di Balena Spaziale, Carne di Xenodonte, Cristalli di Nebulite, Fibra di Sintetex, Marinatura Sotto Zero a Polarità Inversa, Lacrime di Unicorno"
Universo Gastronomico di Namecc,Galassia di Sapore Quantum,"Fusilli del Vento, Pesto di Alghe Bioluminescenti, Risotto dei Multiversi, Polvere di Crononite, Biscotti della Galassia, Essenza di Tachioni"
Universo Gastronomico di Namecc,Tris di Carne con Pane,"Pane di Luce, Carne di Xenodonte, Carne di Kraken, Risotto stellare, Ebollizione Magneto-Cinetica Pulsante, Lacrime di Unicorno, Cristalli di Memoria, Pane degli Abissi, Sale Temporale, Cottura Olografica Quantum Fluttuante"
